# C++ class	Luce struct	field holding GC pointers (must be visited in visit_edges)
Web::Bindings::Intrinsics	BindIntrinsics	m_constructors
Web::Bindings::Intrinsics	BindIntrinsics	m_namespaces
Web::Bindings::Intrinsics	BindIntrinsics	m_prototypes
Web::Bindings::Intrinsics	BindIntrinsics	m_realm
Web::Bindings::Intrinsics	BindIntrinsics	m_unforgeable_functions
Web::CSS::CSSFontFaceRule	CssFontFaceRule	m_css_connected_font_face
Web::CSS::CSSFontFaceRule	CssFontFaceRule	m_style
Web::CSS::CSSFontFeatureValuesMap	CssFontFeatureValuesMap	m_map_entries
Web::CSS::CSSFontFeatureValuesMap	CssFontFeatureValuesMap	m_parent_rule
Web::CSS::CSSFontFeatureValuesRule	CssFontFeatureValuesRule	m_annotation
Web::CSS::CSSFontFeatureValuesRule	CssFontFeatureValuesRule	m_character_variant
Web::CSS::CSSFontFeatureValuesRule	CssFontFeatureValuesRule	m_historical_forms
Web::CSS::CSSFontFeatureValuesRule	CssFontFeatureValuesRule	m_ornaments
Web::CSS::CSSFontFeatureValuesRule	CssFontFeatureValuesRule	m_styleset
Web::CSS::CSSFontFeatureValuesRule	CssFontFeatureValuesRule	m_stylistic
Web::CSS::CSSFontFeatureValuesRule	CssFontFeatureValuesRule	m_swash
Web::CSS::CSSFunctionDeclarations	CssFunctionDeclarations	m_style
Web::CSS::CSSGroupingRule	CssGroupingRule	m_rules
Web::CSS::CSSImportRule	CssImportRule	m_document
Web::CSS::CSSImportRule	CssImportRule	m_media
Web::CSS::CSSImportRule	CssImportRule	m_style_sheet
Web::CSS::CSSMarginRule	CssMarginRule	m_style
Web::CSS::CSSMediaRule	CssMediaRule	m_media
Web::CSS::CSSNestedDeclarations	CssNestedDeclarations	m_declaration
Web::CSS::CSSNestedDeclarations	CssNestedDeclarations	m_parent_style_rule
Web::CSS::CSSPageRule	CssPageRule	m_style
Web::CSS::CSSRule	CssRule	m_parent_rule
Web::CSS::CSSRule	CssRule	m_parent_style_sheet
Web::CSS::CSSRuleList	CssRuleList	m_owner_rule
Web::CSS::CSSRuleList	CssRuleList	m_rules
Web::CSS::CSSStyleDeclaration	CssStyleDeclaration	m_parent_rule
Web::CSS::CSSStyleRule	CssStyleRule	m_declaration
Web::CSS::CSSStyleRule	CssStyleRule	m_style_map
Web::CSS::CSSStyleSheet	CssCssStyleSheet	m_constructor_document
Web::CSS::CSSStyleSheet	CssCssStyleSheet	m_default_namespace_rule
Web::CSS::CSSStyleSheet	CssCssStyleSheet	m_import_rules
Web::CSS::CSSStyleSheet	CssCssStyleSheet	m_namespace_rules
Web::CSS::CSSStyleSheet	CssCssStyleSheet	m_owner_css_rule
Web::CSS::CSSStyleSheet	CssCssStyleSheet	m_owning_documents_or_shadow_roots
Web::CSS::CSSStyleSheet	CssCssStyleSheet	m_rules
Web::CSS::FontComputer	CssFontComputer	m_document
Web::CSS::FontComputer	CssFontComputer	m_font_faces
Web::CSS::FontComputer	CssFontComputer	m_loaders_by_url
Web::CSS::FontFace	CssFontFace	m_containing_sets
Web::CSS::FontFace	CssFontFace	m_css_font_face_rule
Web::CSS::FontFace	CssFontFace	m_font_loader
Web::CSS::FontFace	CssFontFace	m_font_status_promise
Web::CSS::FontFaceSet	CssFontFaceSet	m_failed_fonts
Web::CSS::FontFaceSet	CssFontFaceSet	m_loaded_fonts
Web::CSS::FontFaceSet	CssFontFaceSet	m_loading_fonts
Web::CSS::FontFaceSet	CssFontFaceSet	m_ready_promise
Web::CSS::FontFaceSet	CssFontFaceSet	m_set_entries
Web::CSS::FontLoader	CssFontLoader	m_fetch_controller
Web::CSS::FontLoader	CssFontLoader	m_font_computer
Web::CSS::Invalidation::StyleInvalidator	CssStyleInvalidator	m_pending_invalidations
Web::CSS::MediaList	CssMediaList	m_associated_style_sheet
Web::CSS::MediaQueryList	CssMediaQueryList	m_document
Web::CSS::Screen	CssScreen	m_orientation
Web::CSS::Screen	CssScreen	m_window
Web::CSS::StyleComputer	CssStyleComputer	m_document
Web::CSS::StyleSheet	CssStyleSheet	m_media
Web::CSS::StyleSheet	CssStyleSheet	m_owner_node
Web::CSS::StyleSheet	CssStyleSheet	m_parent_style_sheet
Web::CSS::StyleSheetList	CssStyleSheetList	m_document_or_shadow_root
Web::CSS::StyleSheetList	CssStyleSheetList	m_sheets
Web::CSS::VisualViewport	CssVisualViewport	m_document
Web::DOM::AbortController	DomAbortController	m_signal
Web::DOM::AbortSignal	DomAbortSignal	m_dependent_signals
Web::DOM::AbortSignal	DomAbortSignal	m_source_signals
Web::DOM::AbstractRange	DomAbstractRange	m_end_container
Web::DOM::AbstractRange	DomAbstractRange	m_start_container
Web::DOM::AccessibilityTreeNode	DomAccessibilityTreeNode	m_children
Web::DOM::AccessibilityTreeNode	DomAccessibilityTreeNode	m_value
Web::DOM::Attr	DomAttr	m_owner_element
Web::DOM::DOMEventListener	DomEventListener	callback
Web::DOM::DOMEventListener	DomEventListener	signal
Web::DOM::DOMImplementation	DomImplementation	m_document
Web::DOM::DOMTokenList	DomTokenList	m_associated_element
Web::DOM::Document	DomDocument	m_active_element
Web::DOM::Document	DomDocument	m_active_favicon
Web::DOM::Document	DomDocument	m_active_view_transition
Web::DOM::Document	DomDocument	m_adopted_style_sheets
Web::DOM::Document	DomDocument	m_all
Web::DOM::Document	DomDocument	m_anchors
Web::DOM::Document	DomDocument	m_applets
Web::DOM::Document	DomDocument	m_appropriate_template_contents_owner_document
Web::DOM::Document	DomDocument	m_associated_animation_timelines
Web::DOM::Document	DomDocument	m_associated_inert_template_document
Web::DOM::Document	DomDocument	m_autofocus_candidates
Web::DOM::Document	DomDocument	m_browsing_context
Web::DOM::Document	DomDocument	m_console_client
Web::DOM::Document	DomDocument	m_current_script
Web::DOM::Document	DomDocument	m_custom_element_registry
Web::DOM::Document	DomDocument	m_default_timeline
Web::DOM::Document	DomDocument	m_dialog_pointerdown_target
Web::DOM::Document	DomDocument	m_document_observers
Web::DOM::Document	DomDocument	m_document_observers_being_notified
Web::DOM::Document	DomDocument	m_dynamic_view_transition_style_sheet
Web::DOM::Document	DomDocument	m_editing_host_manager
Web::DOM::Document	DomDocument	m_embeds
Web::DOM::Document	DomDocument	m_first_base_element_with_href_in_tree_order
Web::DOM::Document	DomDocument	m_first_base_element_with_target_in_tree_order
Web::DOM::Document	DomDocument	m_focused_area
Web::DOM::Document	DomDocument	m_font_computer
Web::DOM::Document	DomDocument	m_fonts
Web::DOM::Document	DomDocument	m_forms
Web::DOM::Document	DomDocument	m_highlighted_node
Web::DOM::Document	DomDocument	m_history
Web::DOM::Document	DomDocument	m_hovered_node
Web::DOM::Document	DomDocument	m_html_parser_end_state
Web::DOM::Document	DomDocument	m_images
Web::DOM::Document	DomDocument	m_implementation
Web::DOM::Document	DomDocument	m_inspected_node
Web::DOM::Document	DomDocument	m_intersection_observers
Web::DOM::Document	DomDocument	m_layout_root
Web::DOM::Document	DomDocument	m_lazy_load_intersection_observer
Web::DOM::Document	DomDocument	m_links
Web::DOM::Document	DomDocument	m_list_of_available_images
Web::DOM::Document	DomDocument	m_local_storage_holder
Web::DOM::Document	DomDocument	m_map_of_preloaded_resources
Web::DOM::Document	DomDocument	m_media_query_lists
Web::DOM::Document	DomDocument	m_navigable
Web::DOM::Document	DomDocument	m_node_iterators
Web::DOM::Document	DomDocument	m_open_dialogs_list
Web::DOM::Document	DomDocument	m_page
Web::DOM::Document	DomDocument	m_parser
Web::DOM::Document	DomDocument	m_pending_css_import_rules
Web::DOM::Document	DomDocument	m_pending_parsing_blocking_script
Web::DOM::Document	DomDocument	m_pending_parsing_blocking_svg_script
Web::DOM::Document	DomDocument	m_policy_container
Web::DOM::Document	DomDocument	m_popover_pointerdown_target
Web::DOM::Document	DomDocument	m_potentially_named_elements
Web::DOM::Document	DomDocument	m_render_blocking_elements
Web::DOM::Document	DomDocument	m_resize_observers
Web::DOM::Document	DomDocument	m_script_blocking_style_sheet_set
Web::DOM::Document	DomDocument	m_scripts
Web::DOM::Document	DomDocument	m_scripts_to_execute_as_soon_as_possible
Web::DOM::Document	DomDocument	m_scripts_to_execute_in_order_as_soon_as_possible
Web::DOM::Document	DomDocument	m_scripts_to_execute_when_parsing_has_finished
Web::DOM::Document	DomDocument	m_selection
Web::DOM::Document	DomDocument	m_session_storage_holder
Web::DOM::Document	DomDocument	m_shadow_roots
Web::DOM::Document	DomDocument	m_shared_resource_requests
Web::DOM::Document	DomDocument	m_showing_auto_popover_list
Web::DOM::Document	DomDocument	m_showing_hint_popover_list
Web::DOM::Document	DomDocument	m_style_computer
Web::DOM::Document	DomDocument	m_style_invalidator
Web::DOM::Document	DomDocument	m_style_sheets
Web::DOM::Document	DomDocument	m_svg_roots_needing_relayout
Web::DOM::Document	DomDocument	m_target_element
Web::DOM::Document	DomDocument	m_top_layer_elements
Web::DOM::Document	DomDocument	m_top_layer_pending_removals
Web::DOM::Document	DomDocument	m_update_callback_queue
Web::DOM::Document	DomDocument	m_visual_viewport
Web::DOM::Document	DomDocument	m_window
Web::DOM::DocumentFragment	DomDocumentFragment	m_host
Web::DOM::DocumentLifecycleState	DomDocumentLifecycleState	document
Web::DOM::DocumentLifecycleState	DomDocumentLifecycleState	timeout
Web::DOM::DocumentObserver	DomDocumentObserver	m_document
Web::DOM::EditingHostManager	DomEditingHostManager	m_active_contenteditable_element
Web::DOM::EditingHostManager	DomEditingHostManager	m_document
Web::DOM::Element	DomElement	m_attribute_style_map
Web::DOM::Element	DomElement	m_attributes
Web::DOM::Element	DomElement	m_cascaded_properties
Web::DOM::Element	DomElement	m_class_list
Web::DOM::Element	DomElement	m_computed_properties
Web::DOM::Element	DomElement	m_computed_style_map_cache
Web::DOM::Element	DomElement	m_custom_element_definition
Web::DOM::Element	DomElement	m_custom_element_registry
Web::DOM::Element	DomElement	m_custom_state_set
Web::DOM::Element	DomElement	m_inline_style
Web::DOM::Element	DomElement	m_part_list
Web::DOM::Element	DomElement	m_pseudo_element_data
Web::DOM::Element	DomElement	m_registered_intersection_observers
Web::DOM::Element	DomElement	m_shadow_root
Web::DOM::Event	DomEvent	m_current_target
Web::DOM::Event	DomEvent	m_related_target
Web::DOM::Event	DomEvent	m_target
Web::DOM::Event	DomEvent	m_touch_target_list
Web::DOM::HTMLCollection	DomHtmlCollection	m_cached_elements
Web::DOM::HTMLCollection	DomHtmlCollection	m_cached_name_to_element_mappings
Web::DOM::HTMLCollection	DomHtmlCollection	m_filter
Web::DOM::HTMLCollection	DomHtmlCollection	m_root
Web::DOM::HTMLCollection	DomHtmlCollection	m_sort
Web::DOM::IDLEventListener	DomIdlEventListener	m_callback
Web::DOM::LiveNodeList	DomLiveNodeList	m_filter
Web::DOM::LiveNodeList	DomLiveNodeList	m_root
Web::DOM::MutationObserver	DomMutationObserver	m_callback
Web::DOM::MutationObserver	DomMutationObserver	m_node_list
Web::DOM::MutationObserver	DomMutationObserver	m_record_queue
Web::DOM::MutationRecord	DomMutationRecord	m_added_nodes
Web::DOM::MutationRecord	DomMutationRecord	m_next_sibling
Web::DOM::MutationRecord	DomMutationRecord	m_previous_sibling
Web::DOM::MutationRecord	DomMutationRecord	m_removed_nodes
Web::DOM::MutationRecord	DomMutationRecord	m_target
Web::DOM::NamedNodeMap	DomNamedNodeMap	m_attributes
Web::DOM::NamedNodeMap	DomNamedNodeMap	m_element
Web::DOM::Node	DomNode	m_child_nodes
Web::DOM::Node	DomNode	m_document
Web::DOM::Node	DomNode	m_layout_node
Web::DOM::Node	DomNode	m_paintable
Web::DOM::Node	DomNode	m_registered_observer_list
Web::DOM::NodeFilter	DomNodeFilter	m_callback
Web::DOM::NodeIterator	DomNodeIterator	m_filter
Web::DOM::NodeIterator	DomNodeIterator	m_root
Web::DOM::ParentNode	DomParentNode	m_children
Web::DOM::Position	DomPosition	m_node
Web::DOM::PseudoElement	DomPseudoElement	m_cascaded_properties
Web::DOM::PseudoElement	DomPseudoElement	m_computed_properties
Web::DOM::PseudoElement	DomPseudoElement	m_layout_node
Web::DOM::Range	DomRange	m_associated_selection
Web::DOM::RegisteredObserver	DomRegisteredObserver	m_observer
Web::DOM::ShadowRoot	DomShadowRoot	m_adopted_style_sheets
Web::DOM::ShadowRoot	DomShadowRoot	m_custom_element_registry
Web::DOM::ShadowRoot	DomShadowRoot	m_list_node
Web::DOM::ShadowRoot	DomShadowRoot	m_style_sheets
Web::DOM::StaticNodeList	DomStaticNodeList	m_static_nodes
Web::DOM::TransientRegisteredObserver	DomTransientRegisteredObserver	m_source
Web::DOM::TreeWalker	DomTreeWalker	m_current
Web::DOM::TreeWalker	DomTreeWalker	m_filter
Web::DOM::TreeWalker	DomTreeWalker	m_root
Web::HTML::ApplyHistoryStepState	HtmlApplyHistoryStepState	m_changing_navigables
Web::HTML::ApplyHistoryStepState	HtmlApplyHistoryStepState	m_continuations
Web::HTML::ApplyHistoryStepState	HtmlApplyHistoryStepState	m_navigables_that_must_wait_before_handling_sync_navigation
Web::HTML::ApplyHistoryStepState	HtmlApplyHistoryStepState	m_non_changing_navigables
Web::HTML::ApplyHistoryStepState	HtmlApplyHistoryStepState	m_pending_document
Web::HTML::ApplyHistoryStepState	HtmlApplyHistoryStepState	m_source_snapshot_params
Web::HTML::ApplyHistoryStepState	HtmlApplyHistoryStepState	m_timeout
Web::HTML::ApplyHistoryStepState	HtmlApplyHistoryStepState	m_traversable
Web::HTML::BrowsingContext	HtmlBrowsingContext	m_group
Web::HTML::BrowsingContext	HtmlBrowsingContext	m_opener_browsing_context
Web::HTML::BrowsingContext	HtmlBrowsingContext	m_page
Web::HTML::BrowsingContext	HtmlBrowsingContext	m_window_proxy
Web::HTML::BrowsingContextGroup	HtmlBrowsingContextGroup	m_browsing_context_set
Web::HTML::BrowsingContextGroup	HtmlBrowsingContextGroup	m_page
Web::HTML::ChangingNavigableContinuationState	HtmlChangingNavigableContinuationState	displayed_document
Web::HTML::ChangingNavigableContinuationState	HtmlChangingNavigableContinuationState	navigable
Web::HTML::ChangingNavigableContinuationState	HtmlChangingNavigableContinuationState	population_output
Web::HTML::ChangingNavigableContinuationState	HtmlChangingNavigableContinuationState	resolved_document
Web::HTML::CheckUnloadingCanceledState	HtmlCheckUnloadingCanceledState	m_phase2_documents
Web::HTML::CheckUnloadingCanceledState	HtmlCheckUnloadingCanceledState	m_timeout
Web::HTML::CheckUnloadingCanceledState	HtmlCheckUnloadingCanceledState	m_traversable
Web::HTML::DOMStringMap	HtmlDomStringMap	m_associated_element
Web::HTML::ElementInternals	HtmlElementInternals	m_target_element
Web::HTML::Environment	HtmlEnvironment	target_browsing_context
Web::HTML::EnvironmentSettingsObject	HtmlEnvironmentSettingsObject	m_fetch_group
Web::HTML::EnvironmentSettingsObject	HtmlEnvironmentSettingsObject	m_module_map
Web::HTML::EnvironmentSettingsObject	HtmlEnvironmentSettingsObject	m_responsible_event_loop
Web::HTML::EnvironmentSettingsObject	HtmlEnvironmentSettingsObject	m_service_worker_object_map
Web::HTML::EnvironmentSettingsObject	HtmlEnvironmentSettingsObject	m_service_worker_registration_object_map
Web::HTML::EnvironmentSettingsObject	HtmlEnvironmentSettingsObject	m_storage_manager
Web::HTML::EnvironmentSettingsObject	HtmlEnvironmentSettingsObject	m_worker_agents_to_keep_alive_while_starting
Web::HTML::EventLoop	HtmlEventLoop	m_backup_incumbent_realm_stack
Web::HTML::EventLoop	HtmlEventLoop	m_currently_running_task
Web::HTML::EventLoop	HtmlEventLoop	m_documents
Web::HTML::EventLoop	HtmlEventLoop	m_microtask_queue
Web::HTML::EventLoop	HtmlEventLoop	m_related_environment_settings_objects
Web::HTML::EventLoop	HtmlEventLoop	m_system_event_loop_timer
Web::HTML::EventLoop	HtmlEventLoop	m_task_queue
Web::HTML::HTMLAnchorElement	HtmlAnchorElement	m_rel_list
Web::HTML::HTMLAreaElement	HtmlAreaElement	m_rel_list
Web::HTML::HTMLButtonElement	HtmlButtonElement	m_command_for_element
Web::HTML::HTMLDataListElement	HtmlDataListElement	m_options
Web::HTML::HTMLDetailsElement	HtmlDetailsElement	m_descendants_slot
Web::HTML::HTMLDetailsElement	HtmlDetailsElement	m_summary_slot
Web::HTML::HTMLDialogElement	HtmlDialogElement	m_close_watcher
Web::HTML::HTMLDialogElement	HtmlDialogElement	m_previously_focused_element
Web::HTML::HTMLDialogElement	HtmlDialogElement	m_request_close_source_element
Web::HTML::HTMLElement	HtmlElement	m_attached_internals
Web::HTML::HTMLElement	HtmlElement	m_labels
Web::HTML::HTMLElement	HtmlElement	m_popover_close_watcher
Web::HTML::HTMLElement	HtmlElement	m_popover_trigger
Web::HTML::HTMLFieldSetElement	HtmlFieldSetElement	m_elements
Web::HTML::HTMLFormElement	HtmlFormElement	m_associated_elements
Web::HTML::HTMLFormElement	HtmlFormElement	m_elements
Web::HTML::HTMLFormElement	HtmlFormElement	m_planned_navigation
Web::HTML::HTMLFormElement	HtmlFormElement	m_rel_list
Web::HTML::HTMLIFrameElement	HtmlHtmliFrameElement	m_sandbox
Web::HTML::HTMLImageElement	HtmlImageElement	m_current_request
Web::HTML::HTMLImageElement	HtmlImageElement	m_dimension_attribute_source
Web::HTML::HTMLImageElement	HtmlImageElement	m_document_observer
Web::HTML::HTMLImageElement	HtmlImageElement	m_pending_request
Web::HTML::HTMLInputElement	HtmlInputElement	m_color_well_element
Web::HTML::HTMLInputElement	HtmlInputElement	m_down_button_element
Web::HTML::HTMLInputElement	HtmlInputElement	m_file_button
Web::HTML::HTMLInputElement	HtmlInputElement	m_file_label
Web::HTML::HTMLInputElement	HtmlInputElement	m_inner_text_element
Web::HTML::HTMLInputElement	HtmlInputElement	m_legacy_pre_activation_behavior_checked_element_in_group
Web::HTML::HTMLInputElement	HtmlInputElement	m_placeholder_element
Web::HTML::HTMLInputElement	HtmlInputElement	m_placeholder_text_node
Web::HTML::HTMLInputElement	HtmlInputElement	m_resource_request
Web::HTML::HTMLInputElement	HtmlInputElement	m_selected_files
Web::HTML::HTMLInputElement	HtmlInputElement	m_slider_progress_element
Web::HTML::HTMLInputElement	HtmlInputElement	m_slider_runnable_track
Web::HTML::HTMLInputElement	HtmlInputElement	m_slider_thumb
Web::HTML::HTMLInputElement	HtmlInputElement	m_text_node
Web::HTML::HTMLInputElement	HtmlInputElement	m_up_button_element
Web::HTML::HTMLLinkElement	HtmlLinkElement	m_fetch_controller
Web::HTML::HTMLLinkElement	HtmlLinkElement	m_loaded_style_sheet
Web::HTML::HTMLLinkElement	HtmlLinkElement	m_parser_document
Web::HTML::HTMLLinkElement	HtmlLinkElement	m_rel_list
Web::HTML::HTMLLinkElement	HtmlLinkElement	m_sizes
Web::HTML::HTMLMapElement	HtmlMapElement	m_areas
Web::HTML::HTMLMediaElement	HtmlMediaElement	m_audio_tracks
Web::HTML::HTMLMediaElement	HtmlMediaElement	m_document_observer
Web::HTML::HTMLMediaElement	HtmlMediaElement	m_error
Web::HTML::HTMLMediaElement	HtmlMediaElement	m_pending_play_promises
Web::HTML::HTMLMediaElement	HtmlMediaElement	m_selected_video_track
Web::HTML::HTMLMediaElement	HtmlMediaElement	m_source_element_selector
Web::HTML::HTMLMediaElement	HtmlMediaElement	m_text_tracks
Web::HTML::HTMLMediaElement	HtmlMediaElement	m_video_tracks
Web::HTML::HTMLMeterElement	HtmlMeterElement	m_meter_value_element
Web::HTML::HTMLObjectElement	HtmlObjectElement	m_document_observer
Web::HTML::HTMLObjectElement	HtmlObjectElement	m_resource_request
Web::HTML::HTMLOptionElement	HtmlOptionElement	m_cached_nearest_select_element
Web::HTML::HTMLOutputElement	HtmlOutputElement	m_html_for
Web::HTML::HTMLParser	HtmlParser	m_active_speculative_html_parser
Web::HTML::HTMLParser	HtmlParser	m_character_insertion_node
Web::HTML::HTMLParser	HtmlParser	m_context_element
Web::HTML::HTMLParser	HtmlParser	m_document
Web::HTML::HTMLParser	HtmlParser	m_form_element
Web::HTML::HTMLParser	HtmlParser	m_head_element
Web::HTML::HTMLParserEndState	HtmlParserEndState	m_document
Web::HTML::HTMLParserEndState	HtmlParserEndState	m_parser
Web::HTML::HTMLParserEndState	HtmlParserEndState	m_timeout
Web::HTML::HTMLProgressElement	HtmlProgressElement	m_progress_value_element
Web::HTML::HTMLScriptElement	HtmlScriptElement	m_parser_document
Web::HTML::HTMLScriptElement	HtmlScriptElement	m_preparation_time_document
Web::HTML::HTMLSelectElement	HtmlSelectElement	m_cached_list_of_options
Web::HTML::HTMLSelectElement	HtmlSelectElement	m_chevron_icon_element
Web::HTML::HTMLSelectElement	HtmlSelectElement	m_inner_text_element
Web::HTML::HTMLSelectElement	HtmlSelectElement	m_options
Web::HTML::HTMLSelectElement	HtmlSelectElement	m_selected_options
Web::HTML::HTMLTableElement	HtmlTableElement	m_rows
Web::HTML::HTMLTableElement	HtmlTableElement	m_t_bodies
Web::HTML::HTMLTableRowElement	HtmlTableRowElement	m_cells
Web::HTML::HTMLTableSectionElement	HtmlTableSectionElement	m_rows
Web::HTML::HTMLTemplateElement	HtmlTemplateElement	m_content
Web::HTML::HTMLTextAreaElement	HtmlTextAreaElement	m_inner_text_element
Web::HTML::HTMLTextAreaElement	HtmlTextAreaElement	m_placeholder_element
Web::HTML::HTMLTextAreaElement	HtmlTextAreaElement	m_placeholder_text_node
Web::HTML::HTMLTextAreaElement	HtmlTextAreaElement	m_text_node
Web::HTML::HTMLTrackElement	HtmlTrackElement	m_fetch_algorithms
Web::HTML::HTMLTrackElement	HtmlTrackElement	m_fetch_controller
Web::HTML::HTMLTrackElement	HtmlTrackElement	m_track
Web::HTML::HTMLTrackElement	HtmlTrackElement	m_track_observer
Web::HTML::HTMLVideoElement	HtmlVideoElement	m_fetch_controller
Web::HTML::HTMLVideoElement	HtmlVideoElement	m_video_track
Web::HTML::ImageRequest	HtmlImageRequest	m_image_data
Web::HTML::ImageRequest	HtmlImageRequest	m_page
Web::HTML::ImageRequest	HtmlImageRequest	m_shared_resource_request
Web::HTML::IncrementalDocumentParser	HtmlIncrementalDocumentParser	m_body
Web::HTML::IncrementalDocumentParser	HtmlIncrementalDocumentParser	m_document
Web::HTML::IncrementalDocumentParser	HtmlIncrementalDocumentParser	m_parser
Web::HTML::Navigable	HtmlNavigable	m_active_document
Web::HTML::Navigable	HtmlNavigable	m_backing_store_manager
Web::HTML::Navigable	HtmlNavigable	m_container
Web::HTML::Navigable	HtmlNavigable	m_navigation_observers
Web::HTML::Navigable	HtmlNavigable	m_page
Web::HTML::Navigable	HtmlNavigable	m_parent
Web::HTML::NavigableContainer	HtmlNavigableContainer	m_content_navigable
Web::HTML::NavigationParams	HtmlNavigationParams	commit_early_hints
Web::HTML::NavigationParams	HtmlNavigationParams	fetch_controller
Web::HTML::NavigationParams	HtmlNavigationParams	navigable
Web::HTML::NavigationParams	HtmlNavigationParams	policy_container
Web::HTML::NavigationParams	HtmlNavigationParams	request
Web::HTML::NavigationParams	HtmlNavigationParams	reserved_environment
Web::HTML::NavigationParams	HtmlNavigationParams	response
Web::HTML::NavigationParamsFetchStateHolder	HtmlNavigationParamsFetchStateHolder	commit_early_hints
Web::HTML::NavigationParamsFetchStateHolder	HtmlNavigationParamsFetchStateHolder	fetch_controller
Web::HTML::NavigationParamsFetchStateHolder	HtmlNavigationParamsFetchStateHolder	navigable
Web::HTML::NavigationParamsFetchStateHolder	HtmlNavigationParamsFetchStateHolder	request
Web::HTML::NavigationParamsFetchStateHolder	HtmlNavigationParamsFetchStateHolder	response
Web::HTML::NavigationParamsFetchStateHolder	HtmlNavigationParamsFetchStateHolder	response_policy_container
Web::HTML::NavigationParamsFetchStateHolder	HtmlNavigationParamsFetchStateHolder	source_snapshot_params
Web::HTML::Navigator	HtmlNavigator	m_battery_promise
Web::HTML::Navigator	HtmlNavigator	m_clipboard
Web::HTML::Navigator	HtmlNavigator	m_credentials
Web::HTML::Navigator	HtmlNavigator	m_geolocation
Web::HTML::Navigator	HtmlNavigator	m_media_capabilities
Web::HTML::Navigator	HtmlNavigator	m_media_devices
Web::HTML::Navigator	HtmlNavigator	m_mime_type_array
Web::HTML::Navigator	HtmlNavigator	m_plugin_array
Web::HTML::Navigator	HtmlNavigator	m_serial
Web::HTML::Navigator	HtmlNavigator	m_service_worker_container
Web::HTML::Navigator	HtmlNavigator	m_user_activation
Web::HTML::Navigator	HtmlNavigator	m_xr
Web::HTML::NonFetchSchemeNavigationParams	HtmlNonFetchSchemeNavigationParams	navigable
Web::HTML::PolicyContainer	HtmlPolicyContainer	csp_list
Web::HTML::PopulateSessionHistoryEntryDocumentOutput	HtmlPopulateSessionHistoryEntryDocumentOutput	document
Web::HTML::SessionHistoryTraversalQueue	HtmlSessionHistoryTraversalQueue	m_queue
Web::HTML::SessionHistoryTraversalQueueEntry	HtmlSessionHistoryTraversalQueueEntry	m_target_navigable
Web::HTML::SharedResourceRequest	HtmlSharedResourceRequest	m_document
Web::HTML::SharedResourceRequest	HtmlSharedResourceRequest	m_fetch_controller
Web::HTML::SharedResourceRequest	HtmlSharedResourceRequest	m_image_data
Web::HTML::SharedResourceRequest	HtmlSharedResourceRequest	m_page
Web::HTML::SourceElementSelector	HtmlSourceElementSelector	m_candidate
Web::HTML::SourceElementSelector	HtmlSourceElementSelector	m_media_element
Web::HTML::SourceElementSelector	HtmlSourceElementSelector	m_previously_failed_candidate
Web::HTML::SpeculativeHTMLParser	HtmlSpeculativeHtmlParser	m_document
Web::HTML::Task	HtmlTask	m_document
Web::HTML::TaskQueue	HtmlTaskQueue	m_event_loop
Web::HTML::TaskQueue	HtmlTaskQueue	m_tasks
Web::HTML::TraversableNavigable	HtmlTraversableNavigable	m_apply_history_step_state
Web::HTML::TraversableNavigable	HtmlTraversableNavigable	m_paused_apply_history_step_state
Web::HTML::TraversableNavigable	HtmlTraversableNavigable	m_session_history_traversal_queue
Web::HTML::TraversableNavigable	HtmlTraversableNavigable	m_storage_shed
Web::HTML::Window	HtmlWindow	m_animation_frame_callback_driver
Web::HTML::Window	HtmlWindow	m_associated_document
Web::HTML::Window	HtmlWindow	m_close_watcher_manager
Web::HTML::Window	HtmlWindow	m_cookie_store
Web::HTML::Window	HtmlWindow	m_current_event
Web::HTML::Window	HtmlWindow	m_external
Web::HTML::Window	HtmlWindow	m_location
Web::HTML::Window	HtmlWindow	m_locationbar
Web::HTML::Window	HtmlWindow	m_menubar
Web::HTML::Window	HtmlWindow	m_navigation
Web::HTML::Window	HtmlWindow	m_navigator
Web::HTML::Window	HtmlWindow	m_pdf_viewer_mime_type_objects
Web::HTML::Window	HtmlWindow	m_pdf_viewer_plugin_objects
Web::HTML::Window	HtmlWindow	m_personalbar
Web::HTML::Window	HtmlWindow	m_screen
Web::HTML::Window	HtmlWindow	m_scrollbars
Web::HTML::Window	HtmlWindow	m_speech_synthesis
Web::HTML::Window	HtmlWindow	m_statusbar
Web::HTML::Window	HtmlWindow	m_toolbar
Web::HTML::WindowEnvironmentSettingsObject	HtmlWindowEnvironmentSettingsObject	m_window
Web::HTML::WindowProxy	HtmlWindowProxy	m_window
Web::Layout::Box	LayoutBox	m_contained_abspos_children
Web::Layout::GeneratedContentImageProvider	LayoutGeneratedContentImageProvider	m_layout_node
Web::Layout::ListItemBox	LayoutListItemBox	m_marker
Web::Layout::ListItemMarkerBox	LayoutListItemMarkerBox	m_list_item_element
Web::Layout::Node	LayoutNode	m_containing_block
Web::Layout::Node	LayoutNode	m_dom_node
Web::Layout::Node	LayoutNode	m_inline_containing_block_if_applicable
Web::Layout::Node	LayoutNode	m_paintable
Web::Layout::Node	LayoutNode	m_pseudo_element_generator
Web::Layout::NodeWithStyleAndBoxModelMetrics	LayoutNodeWithStyleAndBoxModelMetrics	m_continuation_of_node
Web::Page	Page	m_client
Web::Page	Page	m_focused_navigable
Web::Page	Page	m_pending_non_blocking_dialog_target
Web::Page	Page	m_top_level_traversable
Web::Painting::BackingStoreManager	PaintBackingStoreManager	m_navigable
Web::Painting::Paintable	PaintPaintable	m_containing_block
Web::Painting::Paintable	PaintPaintable	m_dom_node
Web::Painting::Paintable	PaintPaintable	m_layout_node
Web::Painting::Paintable	PaintPaintable	m_list_node
Web::Painting::PaintableBox	PaintPaintableBox	m_horizontal_scrollbar
Web::Painting::PaintableBox	PaintPaintableBox	m_resize_handle
Web::Painting::PaintableBox	PaintPaintableBox	m_stacking_context
Web::Painting::PaintableBox	PaintPaintableBox	m_vertical_scrollbar
Web::Painting::ResizeHandle	PaintResizeHandle	m_element
Web::Painting::ResizeHandle	PaintResizeHandle	m_paintable_box
Web::Painting::Scrollbar	PaintScrollbar	m_paintable_box
Web::Painting::StackingContext	PaintStackingContext	m_children
Web::Painting::StackingContext	PaintStackingContext	m_non_positioned_floating_descendants
Web::Painting::StackingContext	PaintStackingContext	m_paintable
Web::Painting::StackingContext	PaintStackingContext	m_parent
Web::Painting::StackingContext	PaintStackingContext	m_positioned_descendants_and_stacking_contexts_with_stack_level_0
Web::Painting::ViewportPaintable	PaintViewportPaintable	m_paintable_boxes_with_auto_content_visibility
Web::SVG::SVGAElement	SvgSvgaElement	m_rel_list
Web::SVG::SVGAElement	SvgSvgaElement	m_target
Web::SVG::SVGAnimatedInteger	SvgAnimatedInteger	m_element
Web::SVG::SVGAnimatedLength	SvgAnimatedLength	m_anim_val
Web::SVG::SVGAnimatedLength	SvgAnimatedLength	m_base_val
Web::SVG::SVGAnimatedLengthList	SvgAnimatedLengthList	m_base_val
Web::SVG::SVGAnimatedNumber	SvgAnimatedNumber	m_element
Web::SVG::SVGAnimatedNumberList	SvgAnimatedNumberList	m_base_val
Web::SVG::SVGAnimatedRect	SvgAnimatedRect	m_anim_val
Web::SVG::SVGAnimatedRect	SvgAnimatedRect	m_base_val
Web::SVG::SVGAnimatedString	SvgAnimatedString	m_element
Web::SVG::SVGAnimatedTransformList	SvgAnimatedTransformList	m_anim_val
Web::SVG::SVGAnimatedTransformList	SvgAnimatedTransformList	m_base_val
Web::SVG::SVGComponentTransferFunctionElement	SvgComponentTransferFunctionElement	m_amplitude
Web::SVG::SVGComponentTransferFunctionElement	SvgComponentTransferFunctionElement	m_exponent
Web::SVG::SVGComponentTransferFunctionElement	SvgComponentTransferFunctionElement	m_intercept
Web::SVG::SVGComponentTransferFunctionElement	SvgComponentTransferFunctionElement	m_offset
Web::SVG::SVGComponentTransferFunctionElement	SvgComponentTransferFunctionElement	m_slope
Web::SVG::SVGComponentTransferFunctionElement	SvgComponentTransferFunctionElement	m_table_values
Web::SVG::SVGComponentTransferFunctionElement	SvgComponentTransferFunctionElement	m_type
Web::SVG::SVGDecodedImageData	SvgDecodedImageData	m_document
Web::SVG::SVGDecodedImageData	SvgDecodedImageData	m_page
Web::SVG::SVGDecodedImageData	SvgDecodedImageData	m_page_client
Web::SVG::SVGDecodedImageData	SvgDecodedImageData	m_root_element
Web::SVG::SVGElement	SvgElement	m_class_name_animated_string
Web::SVG::SVGFEBlendElement	SvgSvgfeBlendElement	m_in1
Web::SVG::SVGFEBlendElement	SvgSvgfeBlendElement	m_in2
Web::SVG::SVGFEColorMatrixElement	SvgSvgfeColorMatrixElement	m_in1
Web::SVG::SVGFEColorMatrixElement	SvgSvgfeColorMatrixElement	m_values
Web::SVG::SVGFEComponentTransferElement	SvgSvgfeComponentTransferElement	m_in1
Web::SVG::SVGFECompositeElement	SvgSvgfeCompositeElement	m_in1
Web::SVG::SVGFECompositeElement	SvgSvgfeCompositeElement	m_in2
Web::SVG::SVGFECompositeElement	SvgSvgfeCompositeElement	m_k1
Web::SVG::SVGFECompositeElement	SvgSvgfeCompositeElement	m_k2
Web::SVG::SVGFECompositeElement	SvgSvgfeCompositeElement	m_k3
Web::SVG::SVGFECompositeElement	SvgSvgfeCompositeElement	m_k4
Web::SVG::SVGFEDisplacementMapElement	SvgSvgfeDisplacementMapElement	m_in1
Web::SVG::SVGFEDisplacementMapElement	SvgSvgfeDisplacementMapElement	m_in2
Web::SVG::SVGFEDisplacementMapElement	SvgSvgfeDisplacementMapElement	m_scale
Web::SVG::SVGFEDisplacementMapElement	SvgSvgfeDisplacementMapElement	m_x_channel_selector
Web::SVG::SVGFEDisplacementMapElement	SvgSvgfeDisplacementMapElement	m_y_channel_selector
Web::SVG::SVGFEDropShadowElement	SvgSvgfeDropShadowElement	m_dx
Web::SVG::SVGFEDropShadowElement	SvgSvgfeDropShadowElement	m_dy
Web::SVG::SVGFEDropShadowElement	SvgSvgfeDropShadowElement	m_in1
Web::SVG::SVGFEDropShadowElement	SvgSvgfeDropShadowElement	m_std_deviation_x
Web::SVG::SVGFEDropShadowElement	SvgSvgfeDropShadowElement	m_std_deviation_y
Web::SVG::SVGFEGaussianBlurElement	SvgSvgfeGaussianBlurElement	m_in1
Web::SVG::SVGFEGaussianBlurElement	SvgSvgfeGaussianBlurElement	m_std_deviation_x
Web::SVG::SVGFEGaussianBlurElement	SvgSvgfeGaussianBlurElement	m_std_deviation_y
Web::SVG::SVGFEImageElement	SvgSvgfeImageElement	m_resource_request
Web::SVG::SVGFEMergeNodeElement	SvgSvgfeMergeNodeElement	m_in1
Web::SVG::SVGFEMorphologyElement	SvgSvgfeMorphologyElement	m_in1
Web::SVG::SVGFEMorphologyElement	SvgSvgfeMorphologyElement	m_radius_x
Web::SVG::SVGFEMorphologyElement	SvgSvgfeMorphologyElement	m_radius_y
Web::SVG::SVGFEOffsetElement	SvgSvgfeOffsetElement	m_dx
Web::SVG::SVGFEOffsetElement	SvgSvgfeOffsetElement	m_dy
Web::SVG::SVGFEOffsetElement	SvgSvgfeOffsetElement	m_in1
Web::SVG::SVGFETurbulenceElement	SvgSvgfeTurbulenceElement	m_base_frequency_x
Web::SVG::SVGFETurbulenceElement	SvgSvgfeTurbulenceElement	m_base_frequency_y
Web::SVG::SVGFETurbulenceElement	SvgSvgfeTurbulenceElement	m_num_octaves
Web::SVG::SVGFETurbulenceElement	SvgSvgfeTurbulenceElement	m_seed
Web::SVG::SVGFETurbulenceElement	SvgSvgfeTurbulenceElement	m_stitch_tiles
Web::SVG::SVGFETurbulenceElement	SvgSvgfeTurbulenceElement	m_type
Web::SVG::SVGForeignObjectElement	SvgForeignObjectElement	m_height
Web::SVG::SVGForeignObjectElement	SvgForeignObjectElement	m_width
Web::SVG::SVGForeignObjectElement	SvgForeignObjectElement	m_x
Web::SVG::SVGForeignObjectElement	SvgForeignObjectElement	m_y
Web::SVG::SVGGeometryElement	SvgGeometryElement	m_path_length
Web::SVG::SVGImageElement	SvgImageElement	m_height
Web::SVG::SVGImageElement	SvgImageElement	m_resource_request
Web::SVG::SVGImageElement	SvgImageElement	m_width
Web::SVG::SVGImageElement	SvgImageElement	m_x
Web::SVG::SVGImageElement	SvgImageElement	m_y
Web::SVG::SVGSVGElement	SvgSvgsvgElement	m_active_view_element
Web::SVG::SVGScriptElement	SvgScriptElement	m_script
Web::SVG::SVGStopElement	SvgStopElement	m_stop_offset
Web::SVG::SVGTextPositioningElement	SvgTextPositioningElement	m_dx
Web::SVG::SVGTextPositioningElement	SvgTextPositioningElement	m_dy
Web::SVG::SVGTextPositioningElement	SvgTextPositioningElement	m_rotate
Web::SVG::SVGTextPositioningElement	SvgTextPositioningElement	m_x
Web::SVG::SVGTextPositioningElement	SvgTextPositioningElement	m_y
Web::SVG::SVGUseElement	SvgUseElement	m_document_observer
Web::SVG::SVGUseElement	SvgUseElement	m_resource_request
Web::WebIDL::AsyncIterator	IdlAsyncIterator	m_ongoing_promise
Web::WebIDL::CallbackType	IdlCallbackType	callback
Web::WebIDL::CallbackType	IdlCallbackType	callback_context
Web::ContentSecurityPolicy::Policy	ContentSecurityPolicyPolicy	m_directives
Web::ContentSecurityPolicy::Violation	ContentSecurityPolicyViolation	m_element
Web::ContentSecurityPolicy::Violation	ContentSecurityPolicyViolation	m_global_object
Web::ContentSecurityPolicy::Violation	ContentSecurityPolicyViolation	m_policy
Web::Fetch::Fetching::FetchedDataReceiver	FetchFetchedDataReceiver	m_body
Web::Fetch::Fetching::FetchedDataReceiver	FetchFetchedDataReceiver	m_fetch_params
Web::Fetch::Fetching::FetchedDataReceiver	FetchFetchedDataReceiver	m_response
Web::Fetch::Fetching::FetchedDataReceiver	FetchFetchedDataReceiver	m_stream
Web::Fetch::Fetching::PendingResponse	FetchPendingResponse	m_callback
Web::Fetch::Fetching::PendingResponse	FetchPendingResponse	m_request
Web::Fetch::Fetching::PendingResponse	FetchPendingResponse	m_response
Web::Fetch::Infrastructure::Body	FetchBody	m_stream
Web::Fetch::Infrastructure::FetchAlgorithms	FetchAlgorithms	m_process_early_hints_response
Web::Fetch::Infrastructure::FetchAlgorithms	FetchAlgorithms	m_process_response
Web::Fetch::Infrastructure::FetchAlgorithms	FetchAlgorithms	m_process_response_consume_body
Web::Fetch::Infrastructure::FetchAlgorithms	FetchAlgorithms	m_process_response_end_of_body
Web::Fetch::Infrastructure::FetchController	FetchController	m_fetch_params
Web::Fetch::Infrastructure::FetchController	FetchController	m_full_timing_info
Web::Fetch::Infrastructure::FetchController	FetchController	m_report_timing_steps
Web::Fetch::Infrastructure::FetchControllerHolder	FetchControllerHolder	m_controller
Web::Fetch::Infrastructure::FetchParams	FetchParams	m_algorithms
Web::Fetch::Infrastructure::FetchParams	FetchParams	m_controller
Web::Fetch::Infrastructure::FetchParams	FetchParams	m_request
Web::Fetch::Infrastructure::FetchParams	FetchParams	m_timing_info
Web::Fetch::Infrastructure::FetchRecord	FetchRecord	m_fetch_controller
Web::Fetch::Infrastructure::FetchRecord	FetchRecord	m_list_node
Web::Fetch::Infrastructure::FetchRecord	FetchRecord	m_request
Web::Fetch::Infrastructure::FilteredResponse	FetchFilteredResponse	m_internal_response
Web::Fetch::Infrastructure::IncrementalReadLoopReadRequest	FetchIncrementalReadLoopReadRequest	m_body
Web::Fetch::Infrastructure::IncrementalReadLoopReadRequest	FetchIncrementalReadLoopReadRequest	m_reader
Web::Fetch::Infrastructure::Request	FetchRequest	m_client
Web::Fetch::Infrastructure::Request	FetchRequest	m_pending_responses
Web::Fetch::Infrastructure::Request	FetchRequest	m_reserved_client
Web::HTML::PreloadEntry	HtmlPreloadEntry	on_response_available
Web::HTML::PreloadEntry	HtmlPreloadEntry	response
Web::Animations::AnimationTimeline	AnimationsAnimationTimeline	m_associated_document
Web::Streams::TransformStream	StreamsTransformStream	m_controller
Web::Streams::TransformStream	StreamsTransformStream	m_readable
Web::Streams::TransformStreamDefaultController	StreamsTransformStreamDefaultController	m_cancel_algorithm
Web::Streams::TransformStreamDefaultController	StreamsTransformStreamDefaultController	m_flush_algorithm
Web::Streams::TransformStreamDefaultController	StreamsTransformStreamDefaultController	m_stream
Web::Streams::TransformStreamDefaultController	StreamsTransformStreamDefaultController	m_transform_algorithm
JS::Error	JsError	m_realm
Web::HTML::MessagePort	HtmlMessagePort	m_remote_port
Web::HTML::MessagePort	HtmlMessagePort	m_worker_event_target
Web::HTML::Navigation	HtmlNavigation	m_entry_list
Web::HTML::Navigation	HtmlNavigation	m_transition
Web::HTML::Navigation	HtmlNavigation	m_ongoing_navigate_event
Web::HTML::Navigation	HtmlNavigation	m_ongoing_api_method_tracker
Web::HTML::Navigation	HtmlNavigation	m_upcoming_non_traverse_api_method_tracker
Web::HTML::Navigation	HtmlNavigation	m_upcoming_traverse_api_method_trackers
Web::HTML::PromiseRejectionEvent	HtmlPromiseRejectionEvent	m_promise
Web::Animations::Animation	AnimationsAnimation	m_effect
Web::Animations::Animation	AnimationsAnimation	m_timeline
Web::Animations::Animation	AnimationsAnimation	m_current_ready_promise
Web::Animations::Animation	AnimationsAnimation	m_current_finished_promise
Web::Animations::Animation	AnimationsAnimation	m_owning_element
Web::Animations::AnimationEffect	AnimationsAnimationEffect	m_associated_animation
Web::Animations::KeyframeEffect	AnimationsKeyframeEffect	m_target_element
Web::Animations::KeyframeEffect	AnimationsKeyframeEffect	m_keyframe_objects
Web::Animations::ScrollTimeline	AnimationsScrollTimeline	m_source
Web::Animations::AnimationPlaybackEvent	AnimationsAnimationPlaybackEvent	m_current_time
Web::Animations::AnimationPlaybackEvent	AnimationsAnimationPlaybackEvent	m_timeline_time
Web::CSS::CSSTransition	CssTransition	m_cached_declaration
Web::CSS::CSSTransition	CssTransition	m_keyframe_effect
