# region	name	package	module	donor lines	functions	files
r13	top_level	luce-browser-engine	web	5555	190	Libraries/LibWeb/Dump Libraries/LibWeb/Forward Libraries/LibWeb/GraphemeEdgeTracker Libraries/LibWeb/Infra/JSON Libraries/LibWeb/InvalidateDisplayList Libraries/LibWeb/MimeSniff/MimeType Libraries/LibWeb/MimeSniff/Resource Libraries/LibWeb/Namespace Libraries/LibWeb/Platform/EventLoopPlugin Libraries/LibWeb/Platform/FontPlugin Libraries/LibWeb/Platform/ImageCodecPlugin Libraries/LibWeb/Platform/Timer Libraries/LibWeb/TraversalDecision Libraries/LibWeb/TraversalOrder Libraries/LibWeb/TreeNode
r14	bindings_webidl	luce-browser-engine	web	5447	217	Libraries/LibWeb/Bindings/AgentType Libraries/LibWeb/Bindings/AudioConstructor Libraries/LibWeb/Bindings/ExceptionOrUtils Libraries/LibWeb/Bindings/HostDefined Libraries/LibWeb/Bindings/ImageConstructor Libraries/LibWeb/Bindings/Intrinsics Libraries/LibWeb/Bindings/MainThreadVM Libraries/LibWeb/Bindings/OptionConstructor Libraries/LibWeb/Bindings/PlatformObject Libraries/LibWeb/Bindings/PrincipalHostDefined Libraries/LibWeb/Bindings/Serializable Libraries/LibWeb/Bindings/Transferable Libraries/LibWeb/WebIDL/AbstractOperations Libraries/LibWeb/WebIDL/AsyncIterator Libraries/LibWeb/WebIDL/Buffers Libraries/LibWeb/WebIDL/CachedAttribute Libraries/LibWeb/WebIDL/CallbackType Libraries/LibWeb/WebIDL/DOMException Libraries/LibWeb/WebIDL/ExceptionOr Libraries/LibWeb/WebIDL/ObservableArray Libraries/LibWeb/WebIDL/OverloadResolution Libraries/LibWeb/WebIDL/Promise Libraries/LibWeb/WebIDL/QuotaExceededError Libraries/LibWeb/WebIDL/Tracing Libraries/LibWeb/WebIDL/Types
r15	dom_node	luce-browser-engine	web	4666	271	Libraries/LibWeb/DOM/ChildNode Libraries/LibWeb/DOM/Node Libraries/LibWeb/DOM/NodeOperations Libraries/LibWeb/DOM/NodeType Libraries/LibWeb/DOM/NonDocumentTypeChildNode Libraries/LibWeb/DOM/ParentNode
r16	dom_element	luce-browser-engine	web	6478	430	Libraries/LibWeb/DOM/Element Libraries/LibWeb/DOM/ElementFactory
r17	dom_document	luce-browser-engine	web	10504	585	Libraries/LibWeb/DOM/Document Libraries/LibWeb/DOM/DocumentLoading
r19	dom_events	luce-browser-engine	web	2609	146	Libraries/LibWeb/DOM/AbortController Libraries/LibWeb/DOM/AbortSignal Libraries/LibWeb/DOM/CustomEvent Libraries/LibWeb/DOM/DOMEventListener Libraries/LibWeb/DOM/Event Libraries/LibWeb/DOM/EventDispatcher Libraries/LibWeb/DOM/EventTarget Libraries/LibWeb/DOM/IDLEventListener
r18	dom_leaves	luce-browser-engine	web	9088	577	Libraries/LibWeb/DOM/AbstractElement Libraries/LibWeb/DOM/AbstractRange Libraries/LibWeb/DOM/AccessibilityTreeNode Libraries/LibWeb/DOM/AdoptedStyleSheets Libraries/LibWeb/DOM/AnchorNameMap Libraries/LibWeb/DOM/Attr Libraries/LibWeb/DOM/CDATASection Libraries/LibWeb/DOM/CharacterData Libraries/LibWeb/DOM/Comment Libraries/LibWeb/DOM/DOMImplementation Libraries/LibWeb/DOM/DOMTokenList Libraries/LibWeb/DOM/DocumentFragment Libraries/LibWeb/DOM/DocumentLoadEventDelayer Libraries/LibWeb/DOM/DocumentObserver Libraries/LibWeb/DOM/DocumentOrShadowRoot Libraries/LibWeb/DOM/DocumentType Libraries/LibWeb/DOM/EditingHostManager Libraries/LibWeb/DOM/ElementByIdMap Libraries/LibWeb/DOM/FragmentSerializationMode Libraries/LibWeb/DOM/HTMLCollection Libraries/LibWeb/DOM/InputEventsTarget Libraries/LibWeb/DOM/LiveNodeList Libraries/LibWeb/DOM/MutationObserver Libraries/LibWeb/DOM/MutationRecord Libraries/LibWeb/DOM/MutationType Libraries/LibWeb/DOM/NamedNodeMap Libraries/LibWeb/DOM/NodeFilter Libraries/LibWeb/DOM/NodeIterator Libraries/LibWeb/DOM/NodeList Libraries/LibWeb/DOM/Position Libraries/LibWeb/DOM/ProcessingInstruction Libraries/LibWeb/DOM/PseudoElement Libraries/LibWeb/DOM/QualifiedName Libraries/LibWeb/DOM/Range Libraries/LibWeb/DOM/RequestFullscreenError Libraries/LibWeb/DOM/SelectionchangeEventDispatching Libraries/LibWeb/DOM/ShadowRoot Libraries/LibWeb/DOM/Slot Libraries/LibWeb/DOM/SlotRegistry Libraries/LibWeb/DOM/Slottable Libraries/LibWeb/DOM/StaticNodeList Libraries/LibWeb/DOM/StaticRange Libraries/LibWeb/DOM/StyleElementBase Libraries/LibWeb/DOM/StyleInvalidationReason Libraries/LibWeb/DOM/Text Libraries/LibWeb/DOM/TreeWalker Libraries/LibWeb/DOM/Utils Libraries/LibWeb/DOM/ViewportClient Libraries/LibWeb/DOM/XMLDocument
r21	html_tree_construction	luce-browser-engine	web	7818	184	Libraries/LibWeb/HTML/Parser/HTMLEncodingDetection Libraries/LibWeb/HTML/Parser/HTMLParser Libraries/LibWeb/HTML/Parser/IncrementalDocumentParser Libraries/LibWeb/HTML/Parser/ListOfActiveFormattingElements Libraries/LibWeb/HTML/Parser/ParserScriptingMode Libraries/LibWeb/HTML/Parser/SpeculativeHTMLParser Libraries/LibWeb/HTML/Parser/SpeculativeMockElement Libraries/LibWeb/HTML/Parser/StackOfOpenElements
r22	html_element	luce-browser-engine	web	6311	405	Libraries/LibWeb/HTML/AttributeNames Libraries/LibWeb/HTML/DOMStringMap Libraries/LibWeb/HTML/Dates Libraries/LibWeb/HTML/EventNames Libraries/LibWeb/HTML/Focus Libraries/LibWeb/HTML/GlobalEventHandlers Libraries/LibWeb/HTML/HTMLElement Libraries/LibWeb/HTML/HTMLHyperlinkElementUtils Libraries/LibWeb/HTML/HTMLOrSVGElement Libraries/LibWeb/HTML/HTMLUnknownElement Libraries/LibWeb/HTML/LazyLoadingElement Libraries/LibWeb/HTML/Numbers Libraries/LibWeb/HTML/TagNames Libraries/LibWeb/HTML/WindowEventHandlers
r23	html_forms	luce-browser-engine	web	5136	259	Libraries/LibWeb/HTML/AutocompleteElement Libraries/LibWeb/HTML/ElementInternals Libraries/LibWeb/HTML/FormAssociatedElement Libraries/LibWeb/HTML/FormControlInfrastructure Libraries/LibWeb/HTML/HTMLFieldSetElement Libraries/LibWeb/HTML/HTMLFormControlsCollection Libraries/LibWeb/HTML/HTMLFormElement Libraries/LibWeb/HTML/HTMLLabelElement Libraries/LibWeb/HTML/HTMLLegendElement Libraries/LibWeb/HTML/HTMLOutputElement Libraries/LibWeb/HTML/ValidityState
r24	html_input	luce-browser-engine	web	4355	202	Libraries/LibWeb/HTML/HTMLInputElement
r25	html_controls	luce-browser-engine	web	3813	259	Libraries/LibWeb/HTML/HTMLButtonElement Libraries/LibWeb/HTML/HTMLDataListElement Libraries/LibWeb/HTML/HTMLMeterElement Libraries/LibWeb/HTML/HTMLOptGroupElement Libraries/LibWeb/HTML/HTMLOptionElement Libraries/LibWeb/HTML/HTMLOptionsCollection Libraries/LibWeb/HTML/HTMLProgressElement Libraries/LibWeb/HTML/HTMLSelectElement Libraries/LibWeb/HTML/HTMLSelectedContentElement Libraries/LibWeb/HTML/HTMLTextAreaElement
r26	html_structure	luce-browser-engine	web	9208	410	Libraries/LibWeb/HTML/AnimatedDecodedImageData Libraries/LibWeb/HTML/CORSSettingAttribute Libraries/LibWeb/HTML/DecodedImageData Libraries/LibWeb/HTML/HTMLBaseElement Libraries/LibWeb/HTML/HTMLDListElement Libraries/LibWeb/HTML/HTMLDetailsElement Libraries/LibWeb/HTML/HTMLDialogElement Libraries/LibWeb/HTML/HTMLDirectoryElement Libraries/LibWeb/HTML/HTMLImageElement Libraries/LibWeb/HTML/HTMLLIElement Libraries/LibWeb/HTML/HTMLLinkElement Libraries/LibWeb/HTML/HTMLMenuElement Libraries/LibWeb/HTML/HTMLMetaElement Libraries/LibWeb/HTML/HTMLOListElement Libraries/LibWeb/HTML/HTMLPictureElement Libraries/LibWeb/HTML/HTMLSlotElement Libraries/LibWeb/HTML/HTMLSourceElement Libraries/LibWeb/HTML/HTMLStyleElement Libraries/LibWeb/HTML/HTMLSummaryElement Libraries/LibWeb/HTML/HTMLTableCaptionElement Libraries/LibWeb/HTML/HTMLTableCellElement Libraries/LibWeb/HTML/HTMLTableColElement Libraries/LibWeb/HTML/HTMLTableElement Libraries/LibWeb/HTML/HTMLTableRowElement Libraries/LibWeb/HTML/HTMLTableSectionElement Libraries/LibWeb/HTML/HTMLTemplateElement Libraries/LibWeb/HTML/HTMLTitleElement Libraries/LibWeb/HTML/HTMLUListElement Libraries/LibWeb/HTML/ImageRequest Libraries/LibWeb/HTML/ListOfAvailableImages Libraries/LibWeb/HTML/SharedResourceRequest Libraries/LibWeb/HTML/SourceSet
r27	html_elements_rest	luce-browser-engine	web	10313	453	Libraries/LibWeb/HTML/HTMLAnchorElement Libraries/LibWeb/HTML/HTMLAreaElement Libraries/LibWeb/HTML/HTMLAudioElement Libraries/LibWeb/HTML/HTMLBRElement Libraries/LibWeb/HTML/HTMLBodyElement Libraries/LibWeb/HTML/HTMLCanvasElement Libraries/LibWeb/HTML/HTMLDataElement Libraries/LibWeb/HTML/HTMLDivElement Libraries/LibWeb/HTML/HTMLDocument Libraries/LibWeb/HTML/HTMLEmbedElement Libraries/LibWeb/HTML/HTMLFontElement Libraries/LibWeb/HTML/HTMLFrameElement Libraries/LibWeb/HTML/HTMLFrameSetElement Libraries/LibWeb/HTML/HTMLHRElement Libraries/LibWeb/HTML/HTMLHeadElement Libraries/LibWeb/HTML/HTMLHeadingElement Libraries/LibWeb/HTML/HTMLHtmlElement Libraries/LibWeb/HTML/HTMLIFrameElement Libraries/LibWeb/HTML/HTMLMapElement Libraries/LibWeb/HTML/HTMLMarqueeElement Libraries/LibWeb/HTML/HTMLMediaElement Libraries/LibWeb/HTML/HTMLModElement Libraries/LibWeb/HTML/HTMLObjectElement Libraries/LibWeb/HTML/HTMLParagraphElement Libraries/LibWeb/HTML/HTMLParamElement Libraries/LibWeb/HTML/HTMLPreElement Libraries/LibWeb/HTML/HTMLQuoteElement Libraries/LibWeb/HTML/HTMLScriptElement Libraries/LibWeb/HTML/HTMLSpanElement Libraries/LibWeb/HTML/HTMLTimeElement Libraries/LibWeb/HTML/HTMLTrackElement Libraries/LibWeb/HTML/HTMLVideoElement Libraries/LibWeb/HTML/MediaControls
r28	html_browsing	luce-browser-engine	web	18080	858	Libraries/LibWeb/HTML/ActivateTab Libraries/LibWeb/HTML/BrowsingContext Libraries/LibWeb/HTML/BrowsingContextGroup Libraries/LibWeb/HTML/CrossOrigin/AbstractOperations Libraries/LibWeb/HTML/CrossOrigin/CrossOriginPropertyDescriptorMap Libraries/LibWeb/HTML/CrossOrigin/OpenerPolicy Libraries/LibWeb/HTML/CrossOrigin/OpenerPolicyEnforcementResult Libraries/LibWeb/HTML/CrossOrigin/Reporting Libraries/LibWeb/HTML/DocumentReadyState Libraries/LibWeb/HTML/DocumentState Libraries/LibWeb/HTML/EmbedderPolicy Libraries/LibWeb/HTML/HistoryHandlingBehavior Libraries/LibWeb/HTML/Navigable Libraries/LibWeb/HTML/NavigableContainer Libraries/LibWeb/HTML/NavigationParams Libraries/LibWeb/HTML/NavigationType Libraries/LibWeb/HTML/Navigator Libraries/LibWeb/HTML/NavigatorBeacon Libraries/LibWeb/HTML/NavigatorConcurrentHardware Libraries/LibWeb/HTML/NavigatorDeviceMemory Libraries/LibWeb/HTML/NavigatorID Libraries/LibWeb/HTML/NavigatorLanguage Libraries/LibWeb/HTML/NavigatorOnLine Libraries/LibWeb/HTML/POSTResource Libraries/LibWeb/HTML/PolicyContainers Libraries/LibWeb/HTML/SandboxingFlagSet Libraries/LibWeb/HTML/SessionHistoryEntry Libraries/LibWeb/HTML/SessionHistoryTraversalQueue Libraries/LibWeb/HTML/TokenizedFeatures Libraries/LibWeb/HTML/TraversableNavigable Libraries/LibWeb/HTML/VisibilityState Libraries/LibWeb/HTML/Window Libraries/LibWeb/HTML/WindowProxy Libraries/LibWeb/Page/AutoScrollHandler Libraries/LibWeb/Page/DragAndDropEventHandler Libraries/LibWeb/Page/ElementResizeAction Libraries/LibWeb/Page/EventHandler Libraries/LibWeb/Page/EventResult Libraries/LibWeb/Page/InputEvent Libraries/LibWeb/Page/MiddleButtonScrollHandler Libraries/LibWeb/Page/Page Libraries/LibWeb/Page/ViewportIsFullscreen
r29	html_event_loop	luce-browser-engine	web	2990	157	Libraries/LibWeb/HTML/AnimationFrameCallbackDriver Libraries/LibWeb/HTML/EventLoop/EventLoop Libraries/LibWeb/HTML/EventLoop/Task Libraries/LibWeb/HTML/EventLoop/TaskQueue Libraries/LibWeb/HTML/Scripting/Agent Libraries/LibWeb/HTML/Scripting/Environments Libraries/LibWeb/HTML/Scripting/ExceptionReporter Libraries/LibWeb/HTML/Scripting/SerializedEnvironmentSettingsObject Libraries/LibWeb/HTML/Scripting/SimilarOriginWindowAgent Libraries/LibWeb/HTML/Scripting/TemporaryExecutionContext Libraries/LibWeb/HTML/Scripting/WindowEnvironmentSettingsObject
r30b	css_parser_core	luce-browser-engine	web	3934	131	Libraries/LibWeb/CSS/Parser/ErrorReporter Libraries/LibWeb/CSS/Parser/Helpers Libraries/LibWeb/CSS/Parser/Parser Libraries/LibWeb/CSS/Parser/RuleContext Libraries/LibWeb/CSS/Serialize
r31	css_rule_parsing	luce-browser-engine	web	4895	98	Libraries/LibWeb/CSS/Parser/DescriptorParsing Libraries/LibWeb/CSS/Parser/MediaParsing Libraries/LibWeb/CSS/Parser/RuleParsing Libraries/LibWeb/CSS/Parser/SelectorParsing Libraries/LibWeb/CSS/Parser/Syntax Libraries/LibWeb/CSS/Parser/SyntaxParsing
r32	css_value_parsing	luce-browser-engine	web	6322	118	Libraries/LibWeb/CSS/Parser/GradientParsing Libraries/LibWeb/CSS/Parser/ValueParsing
r33	css_property_parsing	luce-browser-engine	web	6644	107	Libraries/LibWeb/CSS/Parser/ArbitrarySubstitutionFunctions Libraries/LibWeb/CSS/Parser/PropertyParsing
r35	style_values_2	luce-browser-engine	web	8448	546	Libraries/LibWeb/CSS/NumericType Libraries/LibWeb/CSS/StyleValues/BasicShapeStyleValue Libraries/LibWeb/CSS/StyleValues/CalculatedStyleValue Libraries/LibWeb/CSS/StyleValues/CounterDefinitionsStyleValue Libraries/LibWeb/CSS/StyleValues/CounterStyleStyleValue Libraries/LibWeb/CSS/StyleValues/CounterStyleSystemStyleValue Libraries/LibWeb/CSS/StyleValues/CounterStyleValue Libraries/LibWeb/CSS/StyleValues/EasingStyleValue Libraries/LibWeb/CSS/StyleValues/FilterValueListStyleValue Libraries/LibWeb/CSS/StyleValues/FontSourceStyleValue Libraries/LibWeb/CSS/StyleValues/FontStyleStyleValue Libraries/LibWeb/CSS/StyleValues/GridAutoFlowStyleValue Libraries/LibWeb/CSS/StyleValues/GridTemplateAreaStyleValue Libraries/LibWeb/CSS/StyleValues/GridTrackPlacementStyleValue Libraries/LibWeb/CSS/StyleValues/GridTrackSizeListStyleValue Libraries/LibWeb/CSS/StyleValues/TransformationStyleValue
r34	style_values_1	luce-browser-engine	web	9359	853	Libraries/LibWeb/CSS/StyleValues/AbstractImageStyleValue Libraries/LibWeb/CSS/StyleValues/AbstractNonMathCalcFunctionStyleValue Libraries/LibWeb/CSS/StyleValues/AnchorSizeStyleValue Libraries/LibWeb/CSS/StyleValues/AnchorStyleValue Libraries/LibWeb/CSS/StyleValues/AngleStyleValue Libraries/LibWeb/CSS/StyleValues/BackgroundSizeStyleValue Libraries/LibWeb/CSS/StyleValues/BorderImageSliceStyleValue Libraries/LibWeb/CSS/StyleValues/BorderRadiusRectStyleValue Libraries/LibWeb/CSS/StyleValues/BorderRadiusStyleValue Libraries/LibWeb/CSS/StyleValues/ColorFunctionStyleValue Libraries/LibWeb/CSS/StyleValues/ColorInterpolationMethodStyleValue Libraries/LibWeb/CSS/StyleValues/ColorMixStyleValue Libraries/LibWeb/CSS/StyleValues/ColorSchemeStyleValue Libraries/LibWeb/CSS/StyleValues/ColorStyleValue Libraries/LibWeb/CSS/StyleValues/ComputationContext Libraries/LibWeb/CSS/StyleValues/ConicGradientStyleValue Libraries/LibWeb/CSS/StyleValues/ContentStyleValue Libraries/LibWeb/CSS/StyleValues/CursorStyleValue Libraries/LibWeb/CSS/StyleValues/CustomIdentStyleValue Libraries/LibWeb/CSS/StyleValues/DimensionStyleValue Libraries/LibWeb/CSS/StyleValues/DisplayStyleValue Libraries/LibWeb/CSS/StyleValues/EdgeStyleValue Libraries/LibWeb/CSS/StyleValues/FlexStyleValue Libraries/LibWeb/CSS/StyleValues/FrequencyStyleValue Libraries/LibWeb/CSS/StyleValues/FunctionStyleValue Libraries/LibWeb/CSS/StyleValues/GuaranteedInvalidStyleValue Libraries/LibWeb/CSS/StyleValues/ImageSetStyleValue Libraries/LibWeb/CSS/StyleValues/ImageStyleValue Libraries/LibWeb/CSS/StyleValues/IntegerStyleValue Libraries/LibWeb/CSS/StyleValues/KeywordStyleValue Libraries/LibWeb/CSS/StyleValues/LengthStyleValue Libraries/LibWeb/CSS/StyleValues/LightDarkStyleValue Libraries/LibWeb/CSS/StyleValues/LinearGradientStyleValue Libraries/LibWeb/CSS/StyleValues/NumberStyleValue Libraries/LibWeb/CSS/StyleValues/OpacityValueStyleValue Libraries/LibWeb/CSS/StyleValues/OpenTypeTaggedStyleValue Libraries/LibWeb/CSS/StyleValues/PendingSubstitutionStyleValue Libraries/LibWeb/CSS/StyleValues/PercentageStyleValue Libraries/LibWeb/CSS/StyleValues/PositionStyleValue Libraries/LibWeb/CSS/StyleValues/RadialGradientStyleValue Libraries/LibWeb/CSS/StyleValues/RadialSizeStyleValue Libraries/LibWeb/CSS/StyleValues/RandomValueSharingStyleValue Libraries/LibWeb/CSS/StyleValues/RatioStyleValue Libraries/LibWeb/CSS/StyleValues/RectStyleValue Libraries/LibWeb/CSS/StyleValues/RepeatStyleStyleValue Libraries/LibWeb/CSS/StyleValues/ResolutionStyleValue Libraries/LibWeb/CSS/StyleValues/ScrollbarColorStyleValue Libraries/LibWeb/CSS/StyleValues/ScrollbarGutterStyleValue Libraries/LibWeb/CSS/StyleValues/ShadowStyleValue Libraries/LibWeb/CSS/StyleValues/ShorthandStyleValue Libraries/LibWeb/CSS/StyleValues/StringStyleValue Libraries/LibWeb/CSS/StyleValues/StyleValue Libraries/LibWeb/CSS/StyleValues/StyleValueList Libraries/LibWeb/CSS/StyleValues/SuperellipseStyleValue Libraries/LibWeb/CSS/StyleValues/TextIndentStyleValue Libraries/LibWeb/CSS/StyleValues/TextUnderlinePositionStyleValue Libraries/LibWeb/CSS/StyleValues/TimeStyleValue Libraries/LibWeb/CSS/StyleValues/TreeCountingFunctionStyleValue Libraries/LibWeb/CSS/StyleValues/TupleStyleValue Libraries/LibWeb/CSS/StyleValues/URLStyleValue Libraries/LibWeb/CSS/StyleValues/UnicodeRangeStyleValue Libraries/LibWeb/CSS/StyleValues/UnresolvedStyleValue
r37	css_sheets	luce-browser-engine	web	14962	1454	Build/Libraries/LibWeb/CSS/GeneratedCSSStyleProperties Libraries/LibWeb/CSS/CSS Libraries/LibWeb/CSS/CSSConditionRule Libraries/LibWeb/CSS/CSSContainerRule Libraries/LibWeb/CSS/CSSCounterStyleRule Libraries/LibWeb/CSS/CSSDescriptors Libraries/LibWeb/CSS/CSSFontFaceDescriptors Libraries/LibWeb/CSS/CSSFontFaceRule Libraries/LibWeb/CSS/CSSFontFeatureValuesMap Libraries/LibWeb/CSS/CSSFontFeatureValuesRule Libraries/LibWeb/CSS/CSSFunctionDeclarations Libraries/LibWeb/CSS/CSSFunctionDescriptors Libraries/LibWeb/CSS/CSSFunctionRule Libraries/LibWeb/CSS/CSSGroupingRule Libraries/LibWeb/CSS/CSSImportRule Libraries/LibWeb/CSS/CSSLayerBlockRule Libraries/LibWeb/CSS/CSSLayerStatementRule Libraries/LibWeb/CSS/CSSMarginRule Libraries/LibWeb/CSS/CSSMediaRule Libraries/LibWeb/CSS/CSSNamespaceRule Libraries/LibWeb/CSS/CSSNestedDeclarations Libraries/LibWeb/CSS/CSSPageDescriptors Libraries/LibWeb/CSS/CSSPageRule Libraries/LibWeb/CSS/CSSPropertyRule Libraries/LibWeb/CSS/CSSRule Libraries/LibWeb/CSS/CSSRuleList Libraries/LibWeb/CSS/CSSStyleDeclaration Libraries/LibWeb/CSS/CSSStyleProperties Libraries/LibWeb/CSS/CSSStyleRule Libraries/LibWeb/CSS/CSSStyleSheet Libraries/LibWeb/CSS/CSSSupportsRule Libraries/LibWeb/CSS/Descriptor Libraries/LibWeb/CSS/MediaList Libraries/LibWeb/CSS/StyleSheet Libraries/LibWeb/CSS/StyleSheetIdentifier Libraries/LibWeb/CSS/StyleSheetList
r38	selectors	luce-browser-engine	web	3247	74	Libraries/LibWeb/CSS/PageSelector Libraries/LibWeb/CSS/PseudoClassBitmap Libraries/LibWeb/CSS/Selector Libraries/LibWeb/CSS/SelectorEngine
r39	style_computer	luce-browser-engine	web	5250	166	Libraries/LibWeb/CSS/CascadeOrigin Libraries/LibWeb/CSS/CascadedProperties Libraries/LibWeb/CSS/CountersSet Libraries/LibWeb/CSS/CustomPropertyData Libraries/LibWeb/CSS/CustomPropertyRegistration Libraries/LibWeb/CSS/StyleComputer Libraries/LibWeb/CSS/StyleScope
r40	computed_properties	luce-browser-engine	web	3916	720	Libraries/LibWeb/CSS/ComputedProperties Libraries/LibWeb/CSS/ComputedValues Libraries/LibWeb/CSS/StyleProperty
r41	css_fonts	luce-browser-engine	web	3628	154	Libraries/LibWeb/CSS/FontComputer Libraries/LibWeb/CSS/FontFace Libraries/LibWeb/CSS/FontFaceSet Libraries/LibWeb/CSS/FontFeatureData Libraries/LibWeb/CSS/FontLoading Libraries/LibWeb/CSS/ParsedFontFace
r42	css_media_invalidation	luce-browser-engine	web	6072	285	Libraries/LibWeb/CSS/BooleanExpression Libraries/LibWeb/CSS/ContainerQuery Libraries/LibWeb/CSS/Invalidation/AdoptedStyleSheetInvalidator Libraries/LibWeb/CSS/Invalidation/AttributeInvalidator Libraries/LibWeb/CSS/Invalidation/CustomElementInvalidator Libraries/LibWeb/CSS/Invalidation/ElementStateInvalidator Libraries/LibWeb/CSS/Invalidation/EmbeddedContentInvalidator Libraries/LibWeb/CSS/Invalidation/FormControlInvalidator Libraries/LibWeb/CSS/Invalidation/HasMutationFeatureCollector Libraries/LibWeb/CSS/Invalidation/HasMutationInvalidator Libraries/LibWeb/CSS/Invalidation/InvalidationSetMatcher Libraries/LibWeb/CSS/Invalidation/LanguageInvalidator Libraries/LibWeb/CSS/Invalidation/LinkInvalidator Libraries/LibWeb/CSS/Invalidation/MediaQueryInvalidator Libraries/LibWeb/CSS/Invalidation/NodeInvalidator Libraries/LibWeb/CSS/Invalidation/PartInvalidator Libraries/LibWeb/CSS/Invalidation/PseudoClassInvalidator Libraries/LibWeb/CSS/Invalidation/SlotInvalidator Libraries/LibWeb/CSS/Invalidation/StructuralMutationInvalidator Libraries/LibWeb/CSS/Invalidation/StyleInvalidator Libraries/LibWeb/CSS/InvalidationSet Libraries/LibWeb/CSS/MediaQuery Libraries/LibWeb/CSS/MediaQueryList Libraries/LibWeb/CSS/PreferredColorScheme Libraries/LibWeb/CSS/PreferredContrast Libraries/LibWeb/CSS/PreferredMotion Libraries/LibWeb/CSS/Screen Libraries/LibWeb/CSS/StyleInvalidation Libraries/LibWeb/CSS/StyleInvalidationData Libraries/LibWeb/CSS/StyleSheetInvalidation Libraries/LibWeb/CSS/Supports Libraries/LibWeb/CSS/VisualViewport
r36	css_values_units	luce-browser-engine	web	9697	558	Build/Libraries/LibWeb/CSS/DefaultStyleSheetSource Build/Libraries/LibWeb/CSS/GeneratedCSSNumericFactoryMethods Build/Libraries/LibWeb/CSS/Parser/GeneratedValueTypesParsing Build/Libraries/LibWeb/CSS/QuirksModeStyleSheetSource Libraries/LibWeb/CSS/Angle Libraries/LibWeb/CSS/CalculationResolutionContext Libraries/LibWeb/CSS/Clip Libraries/LibWeb/CSS/ColorFunctionDescriptor Libraries/LibWeb/CSS/ColorInterpolation Libraries/LibWeb/CSS/ColumnCount Libraries/LibWeb/CSS/CounterStyle Libraries/LibWeb/CSS/CounterStyleDefinition Libraries/LibWeb/CSS/DescriptorNameAndID Libraries/LibWeb/CSS/Display Libraries/LibWeb/CSS/EdgeRect Libraries/LibWeb/CSS/Fetch Libraries/LibWeb/CSS/Filter Libraries/LibWeb/CSS/Flex Libraries/LibWeb/CSS/Frequency Libraries/LibWeb/CSS/GridTrackPlacement Libraries/LibWeb/CSS/GridTrackSize Libraries/LibWeb/CSS/Length Libraries/LibWeb/CSS/LengthBox Libraries/LibWeb/CSS/NumericRange Libraries/LibWeb/CSS/Percentage Libraries/LibWeb/CSS/PercentageOr Libraries/LibWeb/CSS/PropertyName Libraries/LibWeb/CSS/PropertyNameAndID Libraries/LibWeb/CSS/Ratio Libraries/LibWeb/CSS/Resolution Libraries/LibWeb/CSS/Size Libraries/LibWeb/CSS/Sizing Libraries/LibWeb/CSS/SystemColor Libraries/LibWeb/CSS/Time Libraries/LibWeb/CSS/URL Libraries/LibWeb/CSS/ValueType
r43	layout_tree	luce-browser-engine	web	6102	342	Libraries/LibWeb/Layout/AudioBox Libraries/LibWeb/Layout/BlockContainer Libraries/LibWeb/Layout/Box Libraries/LibWeb/Layout/BreakNode Libraries/LibWeb/Layout/CanvasBox Libraries/LibWeb/Layout/CheckBox Libraries/LibWeb/Layout/FieldSetBox Libraries/LibWeb/Layout/ImageBox Libraries/LibWeb/Layout/ImageProvider Libraries/LibWeb/Layout/InlineNode Libraries/LibWeb/Layout/LegendBox Libraries/LibWeb/Layout/ListItemBox Libraries/LibWeb/Layout/ListItemMarkerBox Libraries/LibWeb/Layout/NavigableContainerViewport Libraries/LibWeb/Layout/Node Libraries/LibWeb/Layout/RadioButton Libraries/LibWeb/Layout/ReplacedBox Libraries/LibWeb/Layout/TextAreaBox Libraries/LibWeb/Layout/TextInputBox Libraries/LibWeb/Layout/TextNode Libraries/LibWeb/Layout/TreeBuilder Libraries/LibWeb/Layout/VideoBox Libraries/LibWeb/Layout/Viewport
r44	layout_formatting	luce-browser-engine	web	6403	232	Libraries/LibWeb/Layout/AvailableSpace Libraries/LibWeb/Layout/BlockFormattingContext Libraries/LibWeb/Layout/FormattingContext Libraries/LibWeb/Layout/LayoutState Libraries/LibWeb/Layout/ReplacedWithChildrenFormattingContext
r45	layout_inline	luce-browser-engine	web	2250	96	Libraries/LibWeb/Layout/InlineFormattingContext Libraries/LibWeb/Layout/InlineLevelIterator Libraries/LibWeb/Layout/LineBox Libraries/LibWeb/Layout/LineBoxFragment Libraries/LibWeb/Layout/LineBuilder
r46	layout_flex	luce-browser-engine	web	2704	110	Libraries/LibWeb/Layout/FlexFormattingContext
r47	layout_grid	luce-browser-engine	web	3251	106	Libraries/LibWeb/Layout/GridFormattingContext
r48	layout_table	luce-browser-engine	web	2529	79	Libraries/LibWeb/Layout/TableFormattingContext Libraries/LibWeb/Layout/TableGrid Libraries/LibWeb/Layout/TableWrapper
r49	layout_svg	luce-browser-engine	web	1309	71	Libraries/LibWeb/Layout/SVGBox Libraries/LibWeb/Layout/SVGClipBox Libraries/LibWeb/Layout/SVGForeignObjectBox Libraries/LibWeb/Layout/SVGFormattingContext Libraries/LibWeb/Layout/SVGGeometryBox Libraries/LibWeb/Layout/SVGGraphicsBox Libraries/LibWeb/Layout/SVGImageBox Libraries/LibWeb/Layout/SVGMaskBox Libraries/LibWeb/Layout/SVGPatternBox Libraries/LibWeb/Layout/SVGSVGBox Libraries/LibWeb/Layout/SVGTextBox Libraries/LibWeb/Layout/SVGTextPathBox
r43b	layout_rest	luce-browser-engine	web	62	2	Libraries/LibWeb/Layout/DominantBaseline
r51b	paint_recording	luce-browser-engine	web	750	79	Libraries/LibWeb/Painting/BorderRadiusCornerClipper Libraries/LibWeb/Painting/ChromeMetrics Libraries/LibWeb/Painting/ChromeWidget Libraries/LibWeb/Painting/DevicePixelConverter Libraries/LibWeb/Painting/DisplayListRecordingContext Libraries/LibWeb/Painting/ResizeHandle Libraries/LibWeb/Painting/Scrollbar
r52	paint_painters	luce-browser-engine	web	2581	52	Libraries/LibWeb/Painting/BackgroundPainting Libraries/LibWeb/Painting/Blending Libraries/LibWeb/Painting/BorderPainting Libraries/LibWeb/Painting/BoxModelMetrics Libraries/LibWeb/Painting/GradientPainting Libraries/LibWeb/Painting/InputColors Libraries/LibWeb/Painting/ResolvedCSSFilter Libraries/LibWeb/Painting/ShadowData Libraries/LibWeb/Painting/ShadowPainting Libraries/LibWeb/Painting/TableBordersPainting
r53	paint_svg_replaced	luce-browser-engine	web	2084	108	Libraries/LibWeb/Painting/CanvasPaintable Libraries/LibWeb/Painting/CheckBoxPaintable Libraries/LibWeb/Painting/FieldSetPaintable Libraries/LibWeb/Painting/ImagePaintable Libraries/LibWeb/Painting/MarkerPaintable Libraries/LibWeb/Painting/NavigableContainerViewportPaintable Libraries/LibWeb/Painting/RadioButtonPaintable Libraries/LibWeb/Painting/SVGClipPaintable Libraries/LibWeb/Painting/SVGForeignObjectPaintable Libraries/LibWeb/Painting/SVGGraphicsPaintable Libraries/LibWeb/Painting/SVGMaskPaintable Libraries/LibWeb/Painting/SVGMaskable Libraries/LibWeb/Painting/SVGPaintable Libraries/LibWeb/Painting/SVGPathPaintable Libraries/LibWeb/Painting/SVGPatternPaintable Libraries/LibWeb/Painting/SVGSVGPaintable Libraries/LibWeb/Painting/VideoPaintable
r50	paintables	luce-browser-engine	web	5248	279	Libraries/LibWeb/Painting/BackingStoreManager Libraries/LibWeb/Painting/Forward Libraries/LibWeb/Painting/Paintable Libraries/LibWeb/Painting/PaintableBox Libraries/LibWeb/Painting/PaintableFragment Libraries/LibWeb/Painting/PaintableWithLines Libraries/LibWeb/Painting/ReplacedElementCommon Libraries/LibWeb/Painting/StackingContext Libraries/LibWeb/Painting/TextPaintable Libraries/LibWeb/Painting/ViewportPaintable
r56	svg_2	luce-browser-engine	web	7480	448	Libraries/LibWeb/SVG/SVGAElement Libraries/LibWeb/SVG/SVGAnimatedEnumeration Libraries/LibWeb/SVG/SVGAnimatedInteger Libraries/LibWeb/SVG/SVGAnimatedLength Libraries/LibWeb/SVG/SVGAnimatedLengthList Libraries/LibWeb/SVG/SVGAnimatedNumber Libraries/LibWeb/SVG/SVGAnimatedNumberList Libraries/LibWeb/SVG/SVGAnimatedRect Libraries/LibWeb/SVG/SVGAnimatedString Libraries/LibWeb/SVG/SVGAnimatedTransformList Libraries/LibWeb/SVG/SVGAnimationElement Libraries/LibWeb/SVG/SVGClipPathElement Libraries/LibWeb/SVG/SVGDecodedImageData Libraries/LibWeb/SVG/SVGFEBlendElement Libraries/LibWeb/SVG/SVGFEColorMatrixElement Libraries/LibWeb/SVG/SVGFEComponentTransferElement Libraries/LibWeb/SVG/SVGFECompositeElement Libraries/LibWeb/SVG/SVGFEDisplacementMapElement Libraries/LibWeb/SVG/SVGFEDropShadowElement Libraries/LibWeb/SVG/SVGFEFloodElement Libraries/LibWeb/SVG/SVGFEFuncAElement Libraries/LibWeb/SVG/SVGFEFuncBElement Libraries/LibWeb/SVG/SVGFEFuncGElement Libraries/LibWeb/SVG/SVGFEFuncRElement Libraries/LibWeb/SVG/SVGFEGaussianBlurElement Libraries/LibWeb/SVG/SVGFEImageElement Libraries/LibWeb/SVG/SVGFEMergeElement Libraries/LibWeb/SVG/SVGFEMergeNodeElement Libraries/LibWeb/SVG/SVGFEMorphologyElement Libraries/LibWeb/SVG/SVGFEOffsetElement Libraries/LibWeb/SVG/SVGFETurbulenceElement Libraries/LibWeb/SVG/SVGFilterElement Libraries/LibWeb/SVG/SVGFilterPrimitiveStandardAttributes Libraries/LibWeb/SVG/SVGForeignObjectElement Libraries/LibWeb/SVG/SVGGradientElement Libraries/LibWeb/SVG/SVGImageElement Libraries/LibWeb/SVG/SVGLinearGradientElement Libraries/LibWeb/SVG/SVGMaskElement Libraries/LibWeb/SVG/SVGPatternElement Libraries/LibWeb/SVG/SVGRadialGradientElement Libraries/LibWeb/SVG/SVGStopElement Libraries/LibWeb/SVG/SVGSymbolElement Libraries/LibWeb/SVG/SVGTSpanElement Libraries/LibWeb/SVG/SVGTextContentElement Libraries/LibWeb/SVG/SVGTextElement Libraries/LibWeb/SVG/SVGTextPathElement Libraries/LibWeb/SVG/SVGTextPositioningElement Libraries/LibWeb/SVG/SVGUseElement
r55	svg_1	luce-browser-engine	web	6274	344	Libraries/LibWeb/SVG/AttributeNames Libraries/LibWeb/SVG/AttributeParser Libraries/LibWeb/SVG/Path Libraries/LibWeb/SVG/SVGCircleElement Libraries/LibWeb/SVG/SVGComponentTransferFunctionElement Libraries/LibWeb/SVG/SVGDefsElement Libraries/LibWeb/SVG/SVGDescElement Libraries/LibWeb/SVG/SVGElement Libraries/LibWeb/SVG/SVGEllipseElement Libraries/LibWeb/SVG/SVGFitToViewBox Libraries/LibWeb/SVG/SVGGElement Libraries/LibWeb/SVG/SVGGeometryElement Libraries/LibWeb/SVG/SVGGraphicsElement Libraries/LibWeb/SVG/SVGLength Libraries/LibWeb/SVG/SVGLengthList Libraries/LibWeb/SVG/SVGLineElement Libraries/LibWeb/SVG/SVGList Libraries/LibWeb/SVG/SVGMetadataElement Libraries/LibWeb/SVG/SVGNumber Libraries/LibWeb/SVG/SVGNumberList Libraries/LibWeb/SVG/SVGPathElement Libraries/LibWeb/SVG/SVGPolygonElement Libraries/LibWeb/SVG/SVGPolylineElement Libraries/LibWeb/SVG/SVGRectElement Libraries/LibWeb/SVG/SVGSVGElement Libraries/LibWeb/SVG/SVGScriptElement Libraries/LibWeb/SVG/SVGStyleElement Libraries/LibWeb/SVG/SVGTitleElement Libraries/LibWeb/SVG/SVGTransform Libraries/LibWeb/SVG/SVGTransformList Libraries/LibWeb/SVG/SVGURIReference Libraries/LibWeb/SVG/SVGUnitTypes Libraries/LibWeb/SVG/SVGViewElement Libraries/LibWeb/SVG/TagNames
r13b	mathml_aria_misc	luce-browser-engine	web	17162	1665	Build/Libraries/LibWeb/ARIA/AriaRoles Build/Libraries/LibWeb/MathML/MathMLStyleSheetSource Libraries/LibWeb/ARIA/ARIAMixin Libraries/LibWeb/ARIA/AriaData Libraries/LibWeb/ARIA/AttributeNames Libraries/LibWeb/ARIA/RoleType Libraries/LibWeb/ARIA/Roles Libraries/LibWeb/ARIA/StateAndProperties Libraries/LibWeb/MathML/AttributeNames Libraries/LibWeb/MathML/MathMLElement Libraries/LibWeb/MathML/MathMLMiElement Libraries/LibWeb/MathML/MathMLMspaceElement Libraries/LibWeb/MathML/TagNames Libraries/LibWeb/XLink/AttributeNames
